real_name,screen_name,party_id,most_recent_chamber,date_of_birth,gender,repr_state,race,date_of_first_federal_assignment,date_of_last_federal_assignment,years_in_office_2020,white_non_white
Dennis Cardoza,RepCardoza,D,House,31-Mar-59,M,California,White,2003,2012,9,White
William L Clay Jr,LacyClayMO1,D,House,27-Jul-56,M,Missouri,Black,2001,2020,19,Non-White
Ileana Ros-Lehtinen,RosLehtinen,R,House,15-Jul-52,F,Florida,Hispanic,1989,2019,30,Non-White
Rob Portman,senrobportman,R,Senate,19-Dec-55,M,Ohio,White,2011,2020,9,White
Mike Thompson,RepThompson,D,House,24-Jan-51,M,California,White,1999,2020,21,White
Donna Edwards,repdonnaedwards,D,House,28-Jun-58,F,Maryland,Black,2008,2017,9,Non-White
Ed Markey,SenMarkey,D,Senate,11-Jul-46,M,Massachusetts,White,2013,2020,7,White
Steny H Hoyer,WhipHoyer,D,House,14-Jun-39,M,Maryland,White,1981,2020,39,White
Orrin G. Hatch,senorrinhatch,R,Senate,22-Mar-34,M,Utah,White,1977,2019,42,White
Jeff Merkley,SenJeffMerkley,D,Senate,24-Oct-56,M,Oregon,White,2009,2020,11,White
James P. McGovern,RepMcGovern,D,House,20-Nov-59,M,Massachusetts,White,1997,2020,23,White
Don Norcross,DonaldNorcross,D,House,13-Dec-58,M,New Jersey,White,2014,2020,6,White
Mike Quigley,RepMikeQuigley,D,House,17-Oct-58,M,Illinois,White,2009,2020,11,White
Allen West,AllenWest,R,House,7-Feb-61,M,Florida,Black,2011,2013,2,Non-White
Frederica Wilson,RepWilson,D,House,5-Nov-42,F,Florida,Black,2011,2020,9,Non-White
Carolyn B. Maloney,RepMaloney,D,House,19-Feb-46,F,New York,White,1993,2020,27,White
Glenn Thompson,CongressmanGT,R,House,27-Jul-59,M,Pennsylvania,White,2009,2020,11,White
Yvette D. Clarke,RepYvetteClarke,D,House,21-Nov-64,F,New York,Black,2007,2020,13,Non-White
Adam Kinzinger,RepKinzinger,R,House,27-Feb-78,M,Illinois,White,2011,2020,9,White
Nanette Barragan,RepBarragan,D,House,15-Sep-76,F,California,Hispanic,2017,2020,3,Non-White
Will Hurd,HurdOnTheHill,R,House,19-Aug-77,M,Texas,Black,2015,2020,5,Non-White
Mark Udall,MarkUdall,D,Senate,18-Jul-50,M,Colorado,White,1999,2015,16,White
Bradley Byrne,RepByrne,R,House,16-Feb-55,M,Alabama,White,2014,2020,6,White
Charles B. Rangel,cbrangel,D,House,11-Jun-30,M,New York,Black,1971,2017,36,Non-White
Frank Pallone Jr,FrankPallone,D,House,30-Oct-51,M,New Jersey,White,1988,2020,32,White
Dina Titus,repdinatitus,D,House,23-May-50,F,Nevada,White,2009,2020,9,White
Joyce Beatty,RepBeatty,D,House,12-Mar-50,F,Ohio,Black,2013,2020,7,Non-White
Joseph Crowley,repjoecrowley,D,House,16-Mar-62,M,New York,White,1999,2019,20,White
Patrick Leahy,SenatorLeahy,D,Senate,31-Mar-40,M,Vermont,White,1975,2020,45,White
Tammy Baldwin,SenatorBaldwin,D,Senate,11-Feb-62,F,Wisconsin,White,1999,2020,21,White
Geoff Davis,RepGeoffDavis,R,House,26-Oct-58,M,Kentucky,White,2005,2012,7,White
Eric Swalwell,RepSwalwell,D,House,16-Nov-80,M,California,White,2013,2020,7,White
Charles E. Schumer,SenSchumer,D,Senate,23-Nov-50,M,New York,White,1981,2020,39,White
David Young,RepDavidYoung,R,House,11-May-68,M,Iowa,Black,2015,2019,4,Non-White
Nydia M Velazquez,NydiaVelazquez,D,House,28-Mar-53,F,New York,Hispanic,1993,2020,27,Non-White
Ben Cardin,SenatorCardin,D,Senate,5-Oct-43,M,Maryland,White,1987,2020,33,White
Nancy Pelosi,NancyPelosi,D,House,26-Mar-40,F,California,White,1987,2020,33,White
Paul Tonko,RepPaulTonko,D,House,18-Jun-49,M,New York,White,2009,2020,11,White
Mark Kirk,SenatorKirk,R,Senate,15-Sep-59,M,Illinois,White,2001,2017,16,White
Barbara Lee,RepBarbaraLee,D,House,16-Jul-46,F,California,Black,1998,2020,22,Non-White
Alma Adams,RepAdams,D,House,27-May-46,F,North Carolina,Black,2014,2020,6,Non-White
Renee Ellmers,RepReneeEllmers,R,House,9-Feb-64,F,North Carolina,White,2011,2017,6,White
Susan Brooks,SusanWBrooks,R,House,25-Aug-60,F,Indiana,White,2013,2020,,White
Lois J. Frankel,RepLoisFrankel,D,House,16-May-48,F,Florida,White,2013,2020,7,White
John McCain,SenJohnMcCain,R,Senate,29-Aug-36,M,Arizona,White,1987,2018,31,White
Brenda Lawrence,RepLawrence,D,House,18-Oct-54,F,Michigan,Black,2015,2020,5,Non-White
Ted Lieu,RepTedLieu,D,House,29-Mar-69,M,California,Asian,2015,2020,5,Non-White
Bruce Westerman,RepWesterman,R,House,18-Nov-67,M,Arkansas,White,2015,2020,5,White
Neil Abercrombie,neilabercrombie,D,House,26-Jun-38,M,Hawaii,White,1991,2010,19,White
Ted Cruz,SenTedCruz,R,Senate,22-Dec-70,M,Texas,Hispanic,2013,2020,7,Non-White
Paul Ryan,SpeakerRyan,R,House,29-Jan-70,M,Wisconsin,White,1999,2019,20,White
Billy Long,USRepLong,R,House,11-Aug-55,M,Missouri,White,2011,2020,9,White
Bonnie Coleman,RepBonnie,D,House,6-Feb-45,F,New Jersey,Black,2015,2020,5,Non-White
Kathy Castor,USRepKCastor,D,House,20-Aug-66,F,Florida,White,2007,2020,13,White
Richard Blumenthal,SenBlumenthal,D,Senate,13-Feb-46,M,Connecticut,White,2011,2020,9,White
Michelle Lujan Grisham,RepLujanGrisham,D,House,24-Oct-59,F,New Mexico,White,2013,2019,6,White
Seth Moulton,teammoulton,D,House,24-Oct-78,M,Massachusetts,White,2015,2020,5,White
Kirsten Gillibrand,SenGillibrand,D,Senate,9-Dec-66,F,New York,White,2007,2020,13,White
Mitch McConnell,senatemajldr,R,Senate,20-Feb-42,M,Kentucky,White,1985,2020,35,White
Scott Peters,RepScottPeters,D,House,17-Jun-58,M,California,White,2013,2020,7,White
John Boehner,SpeakerBoehner,R,House,17-Nov-49,M,Ohio,White,1991,2015,24,White
Marco Rubio,marcorubio,R,House,28-May-71,M,Florida,Hispanic,2011,2020,9,Non-White
Marcia L Fudge,RepMarciaFudge,D,House,29-Oct-52,F,Ohio,Black,2008,2020,12,Non-White
Jim Langevin,JimLangevin,D,House,22-Apr-64,M,Rhode Island,White,2001,2020,19,White
Don Bacon,RepDonBacon,R,House,16-Aug-63,M,Nebraska,White,2017,2020,3,White
Tom Udall,SenatorTomUdall,D,Senate,18-May-48,M,New Mexico,White,2009,2020,11,White
Grace Meng,RepGraceMeng,D,House,1-Oct-75,F,New York,Asian,2013,2020,7,Non-White
Jon Tester,SenatorTester,D,Senate,21-Aug-56,M,Montana,White,2007,2020,13,White
Mario Diaz-Balart,MarioDB,R,House,25-Sep-61,M,Florida,White,2003,2020,17,White
Robert Menendez,SenatorMenendez,D,Senate,1-Jan-54,M,New Jersey,Hispanic,1993,2020,27,Non-White
Gregory W Meeks,RepGregoryMeeks,D,House,25-Sep-53,M,New York,Black,1998,2020,22,Non-White
Jan Schakowsky,janschakowsky,D,House,26-May-44,F,Illinois,White,1999,2020,21,White
Dean Heller,SenDeanHeller,R,Senate,10-May-60,M,Nevada,White,2007,2019,12,White
Joaquin Castro,JoaquinCastrotx,D,House,16-Sep-74,M,Texas,Hispanic,2013,2020,7,Non-White
Tim Huelskamp,CongHuelskamp,R,House,11-Nov-68,M,Kansas,White,2011,2017,6,White
Ron Wyden,RonWyden,D,Senate,3-May-49,M,Oregon,White,1981,2020,39,White
Lee Terry,LEETERRYNE,R,House,29-Jan-62,M,Nebraska,White,1999,2015,16,White
Dick Durbin,SenatorDurbin,D,House,21-Nov-44,M,Illinois,White,1983,2020,37,White
Charlie Crist,RepCharlieCrist,D,House,24-Jul-56,M,Florida,White,2017,2020,3,White
Pete Olson,RepPeteOlson,R,House,9-Dec-62,M,Texas,White,2009,2020,11,White
Katherine Clark,RepKClark,D,House,17-Jul-63,F,Massachusetts,White,2013,2020,7,White
Dianne Feinstein,SenFeinstein,D,Senate,22-Jun-33,F,California,White,1992,2020,28,White
Dan Kildee,RepDanKildee,D,House,11-Aug-58,M,Michigan,White,2013,2020,7,White
Elijah E. Cummings,RepCummings,D,House,18-Jan-51,M,Maryland,Black,1996,2019,23,Non-White
Cathy McMorris Rodgers,cathymcmorris,R,House,22-May-69,F,Washington,White,2005,2020,15,White
Deb Fischer,SenatorFischer,R,Senate,1-Mar-51,F,Nebraska,White,2013,2020,7,White
Shelley Moore Capito,SenCapito,R,Senate,26-Nov-53,F,West Virginia,White,2001,2020,19,White
Bob Goodlatte,RepGoodlatte,R,House,22-Sep-52,M,Virginia,White,1993,2019,26,White
Suzan DelBene,RepDelBene,D,House,17-Feb-63,F,Washington,White,2012,2020,8,White
Bruce Braley,BruceBraley,D,House,30-Oct-57,M,Iowa,White,2007,2015,8,White
Sam Graves,RepSamGraves,R,House,7-Nov-63,M,Missouri,White,2001,2020,19,White
Diane Black,RepDianeBlack,R,House,16-Jan-51,M,Tennessee,White,2011,2019,8,White
Roy Blunt,RoyBlunt,R,Senate,10-Jan-50,M,Missouri,White,1997,2020,23,White
Gwen Moore,RepGwenMoore,D,House,18-Apr-51,M,Wisconsin,Black,2005,2020,15,Non-White
Ruben Gallego,RepRubenGallego,D,House,20-Nov-79,M,Arizona,White,2011,2020,9,White
Richard Hudson,RepRichHudson,R,House,4-Nov-71,M,North Carolina,White,2013,2020,7,White
Lucille Roybal-Allard,RepRoybalAllard,D,House,12-Jun-41,F,California,White,1993,2020,27,White
Steve Womack,rep_stevewomack,R,House,18-Feb-57,M,Arkansas,White,2011,2020,9,White
Ted Deutch,RepTedDeutch,D,House,7-May-66,M,Florida,White,2010,2020,10,White
Patty Murray,PattyMurray,D,Senate,11-Oct-54,F,Washington,White,1993,2020,27,White
John Cornyn,JohnCornyn,R,Senate,2-Feb-52,M,Texas,White,2002,2020,18,White
Diana DeGette,RepDianaDeGette,D,House,29-Jul-57,F,Colorado,White,1997,2020,23,White
Jack Reed,SenJackReed,D,Senate,12-Nov-49,M,Rhode Island,White,1991,2020,29,White
Tim Scott,SenatorTimScott,R,Senate,19-Sep-65,M,South Carolina,Black,2011,2020,9,Non-White
Heidi Heitkamp,SenatorHeitkamp,D,Senate,30-Oct-55,F,North Dakota,White,2013,2020,7,White
Fred Upton,RepFredUpton,R,House,23-Apr-53,M,Michigan,White,1987,2020,33,White
Jerrold Nadler,RepJerryNadler,D,House,13-Jun-47,M,New York,White,1992,2020,28,White
Claire McCaskill,McCaskillOffice,D,Senate,24-Jul-53,F,Missouri,White,2007,2019,12,White
G. K. Butterfield,GKButterfield,D,House,27-Apr-47,M,North Carolina,White,2004,2020,16,White
Brian M Higgins,RepBrianHiggins,D,House,6-Oct-59,M,New York,White,2005,2020,15,White
Emanuel Cleaver,repcleaver,D,House,26-Oct-44,M,Missouri,Black,2005,2020,15,Non-White
Pat Roberts,SenPatRoberts,R,Senate,20-Apr-36,M,Kansas,White,1997,2020,23,White
Donald M Payne Jr.,RepDonaldPayne,D,House,17-Dec-58,M,New Jersey,Black,2012,2020,8,Non-White
Louis B. Gohmert Jr,replouiegohmert,R,House,18-Aug-53,M,Texas,White,2005,2020,15,White
Norma Torres,NormaJTorres,D,House,4-Apr-65,F,California,Hispanic,2015,2020,5,Non-White
Kyrsten Sinema,SenatorSinema,D,House,12-Jul-76,M,Arizona,White,2013,2020,7,White
Carlos Curbelo,RepCurbelo,R,House,1-Mar-80,M,Florida,White,2015,2019,4,White
Tom Carper,SenatorCarper,D,Senate,23-Jan-47,M,Delaware,White,2001,2020,19,White
James Lankford,SenatorLankford,R,Senate,4-Mar-68,M,Texas,White,2011,2020,9,White
Thom Tillis,SenThomTillis,R,Senate,30-Aug-60,M,North Carolina,White,2015,2020,5,White
Richard Hanna,RepRichardHanna,R,House,25-Jan-51,M,New York,White,2011,2017,6,White
Tony Cardenas,RepCardenas,D,House,31-Mar-63,M,California,Hispanic,2013,2020,7,Non-White
Sheldon Whitehouse,SenWhitehouse,D,Senate,20-Oct-55,M,Rhode Island,White,2007,2020,13,White
David Perdue,sendavidperdue,R,Senate,10-Dec-49,M,Georgia,White,2015,2020,5,White
Vicky Hartzler,RepHartzler,R,House,13-Oct-60,F,Missouri,White,2011,2020,9,White
Alan Lowenthal,RepLowenthal,D,House,8-Mar-41,M,California,White,2013,2020,7,White
Bob Casey,SenBobCasey,D,Senate,13-Apr-60,M,Pennsylvania,White,2007,2020,13,White
Roger Wicker,SenatorWicker,R,Senate,5-Jul-51,M,Mississippi,White,1995,2020,25,White
John Garamendi,RepGaramendi,D,House,24-Jan-45,M,California,White,2009,2020,11,White
Bobby Scott,BobbyScott,D,House,30-Apr-47,M,Virginia,Black,1993,2020,27,Non-White
Betty McCollum,BettyMcCollum04,D,House,12-Jul-54,F,Minnesota,White,2001,2020,19,White
Marc Veasey,RepVeasey,D,House,3-Jan-71,M,Texas,Black,2013,2020,7,Non-White
Jackie Speier,RepSpeier,D,House,14-May-50,F,California,White,2008,2020,12,White
Rosa L. DeLauro,rosadelauro,D,House,2-Mar-43,F,Connecticut,White,1991,2020,29,White
Keith Ellison,keithellison,D,House,4-Aug-63,M,Minnesota,Black,2007,2019,12,Non-White
Eddie Bernice Johnson,RepEBJ,D,House,3-Dec-35,M,Texas,Black,1993,2020,27,Non-White
Raul M. Grijalva,RepRaulGrijalva,D,House,19-Feb-48,M,Arizona,Hispanic,2003,2020,17,Non-White
Timothy J. Walz,RepTimWalz,D,House,6-Apr-64,M,Minnesota,White,2007,2019,12,White
Rick Larsen,RepRickLarsen,D,House,15-Jun-65,M,Washington,White,2001,2020,19,White
Al Franken,SenFranken,D,Senate,21-May-51,M,Minnesota,White,2009,2018,9,White
Mike Crapo,MikeCrapo,R,Senate,20-May-51,M,Idaho,White,1993,2020,27,White
Ed Perlmutter,RepPerlmutter,D,House,1-May-53,M,Colorado,White,2007,2020,13,White
David Cicilline,RepCicilline,D,House,15-Jul-61,M,Rhode Island,White,2011,2020,9,White
Sheila Jackson Lee,JacksonLeeTX18,D,House,12-Jan-50,F,Texas,Black,1995,2020,25,Non-White
Elizabeth Esty,RepEsty,D,House,25-Aug-59,F,Connecticut,White,2013,2019,6,White
Kevin McCarthy,GOPLeader,R,House,26-Jan-65,M,California,White,2007,2020,13,White
Mia Love,RepMiaLove,R,House,6-Dec-75,F,Utah,Black,2015,2019,4,Non-White
Mark Pocan,repmarkpocan,D,House,14-Aug-64,M,Wisconsin,White,2015,2020,7,White
Mike Kelly,MikeKellyPA,R,House,10-May-48,M,Pennsylvania,White,2011,2020,9,White
Frank R Lautenberg,FrankLautenberg,D,Senate,23-Jan-24,M,New Jersey,White,2003,2013,10,White
Robin Kelly,RepRobinKelly,D,House,30-Apr-56,F,Illinois,Black,2013,2020,,Non-White
Terri A Sewell,RepTerriSewell,D,House,1-Jan-65,F,Alabama,Black,2011,2020,9,Non-White
Elise Stefanik,RepStefanik,R,House,2-Jul-84,F,New York,White,2015,2020,5,White
John Kline,repjohnkline,R,House,6-Sep-47,M,Minnesota,White,2003,2017,14,White
Bob Dold,RepDold,R,House,23-Jun-69,M,Illinois,White,2011,2017,6,White
Kevin Brady,RepKevinBrady,R,House,11-Apr-55,M,Texas,White,1997,2020,23,White
Ed Royce,RepEdRoyce,R,House,12-Oct-51,M,California,White,1993,2019,26,White
Patrick Meehan,RepMeehan,R,House,20-Oct-55,M,Pennsylvania,White,2011,2018,7,White
Mark Walker,RepMarkWalker,R,House,20-May-69,M,North Carolina,White,2015,2020,5,White
Todd Akin,ToddAkin,R,House,5-Jul-47,M,Missouri,White,2001,2013,12,White
Steve Scalise,SteveScalise,R,House,6-Oct-65,M,Louisiana,White,2008,2020,12,White
Christopher S. Murphy,ChrisMurphyCT,D,Senate,3-Aug-73,M,Connecticut,White,2007,2020,13,White
Joe Kennedy III,RepJoeKennedy,D,House,4-Oct-80,M,Massachusetts,White,2013,2020,7,White
Debbie Wasserman Schultz,RepDWStweets,D,House,27-Sep-66,F,Florida,White,2005,2020,15,White
Bill Flores,RepBillFlores,R,House,25-Feb-54,M,Texas,White,2011,2020,9,White
Henry A. Waxman,WaxmanClimate,D,House,12-Sep-39,M,California,White,1975,2015,40,White
Chaka Fattah,chakafattah,D,House,21-Nov-56,M,Pennsylvania,Black,1995,2016,21,Non-White
Joe Manchin,Sen_JoeManchin,D,Senate,24-Aug-47,M,West Virginia,White,2010,2020,10,White
Michael G. Fitzpatrick,RepFitzpatrick,R,House,28-Jun-63,M,Pennsylvania,White,2005,2017,8,White
Doug Collins,RepDougCollins,R,House,16-Aug-66,M,Georgia,White,2013,2020,7,White
Keith J Rothfus,KeithRothfus,R,House,25-Apr-62,M,Pennsylvania,White,2013,2019,6,White
Joe Donnelly,SenDonnelly,D,Senate,29-Sep-55,M,Indiana,White,2007,2019,12,White
Tulsi Gabbard,TulsiPress,D,House,12-Apr-81,F,Hawaii,Mixed,2013,2020,7,Non-White
Rick Crawford,RepRickCrawford,R,House,22-Jan-66,M,Arkansas,White,2011,2020,9,White
Hank Johnson,RepHankJohnson,D,House,2-Oct-54,M,Georgia,Black,2007,2020,13,Non-White
Kathleen Rice,RepKathleenRice,D,House,15-Feb-65,F,New York,White,2015,2020,5,White
Barack Obama,BarackObama,D,Senate,4-Aug-61,M,Illinois,Black,2005,2008,3,Non-White
Gary Peters,SenGaryPeters,D,Senate,1-Dec-58,M,Michigan,White,2009,2020,11,White
Peter Roskam,PeterRoskam,R,House,13-Sep-61,M,Illinois,White,2007,2019,12,White
Lamar Alexander,SenAlexander,R,Senate,3-Jul-40,M,Tennessee,White,2003,2020,17,White
Steve Fincher,RepFincherTN08,R,House,7-Feb-73,M,Tennessee,White,2011,2017,6,White
Frank Guinta,RepFrankGuinta,R,House,26-Sep-70,M,New Hampshire,White,2011,2017,6,White
Cory Booker,SenBooker,D,Senate,27-Apr-69,M,New Jersey,Black,2013,2020,7,Non-White
Steve Israel,RepSteveIsrael,D,House,30-May-58,M,New York,White,2001,2017,16,White
Steven Daines,SteveDaines,R,Senate,20-Aug-62,M,Montana,White,2013,2020,7,White
David McKinley,RepMcKinley,R,House,28-Mar-47,M,West Virginia,White,2011,2020,9,White
Johnny Isakson,SenatorIsakson,R,Senate,28-Dec-44,M,Georgia,White,1999,2019,20,White
Erik Paulsen,RepErikPaulsen,R,House,14-May-65,M,Minnesota,White,2009,2019,10,White
Henry Cuellar,RepCuellar,D,House,19-Sep-55,M,Texas,Hispanic,2005,2020,15,Non-White
Daniel Lipinski,RepLipinski,D,House,15-Jul-66,M,Illinois,White,2005,2020,15,White
Joe Barton,RepJoeBarton,R,House,15-Sep-49,M,Texas,White,1985,2019,34,White
Chris Collins,RepChrisCollins,R,House,20-May-50,M,New York,White,2013,2019,6,White
Mike Bishop,RepMikeBishop,R,House,18-Mar-67,M,Michigan,White,2015,2019,4,White
Stephen F. Lynch,RepStephenLynch,D,House,31-Mar-55,M,Massachusetts,White,2001,2020,19,White
Scott Rigell,RepScottRigell,R,House,28-May-60,M,Virginia,White,2011,2017,6,White
Cheri Bustos,RepCheri,D,House,17-Oct-61,F,Illinois,White,2013,2020,7,White
Dennis Heck,RepDennyHeck,D,House,29-Jul-52,M,Washington,White,2013,2020,7,White
Brendan Boyle,RepBrendanBoyle,D,House,6-Feb-77,M,Pennsylvania,White,2015,2020,5,White
Brian Babin,RepBrianBabin,R,House,23-Mar-48,M,Texas,White,2015,2020,5,White
Jack Kingston,JackKingston,R,House,24-Apr-55,M,Georgia,White,1993,2015,22,White
Mark Warner,MarkWarner,D,Senate,15-Dec-54,M,Virginia,White,2009,2020,11,White
Robert E Latta,boblatta,R,House,18-Apr-56,M,Ohio,White,2007,2020,13,White
Mimi Walters,RepMimiWalters,R,House,14-May-62,F,California,White,2015,2019,4,White
Marcy Kaptur,RepMarcyKaptur,D,House,17-Jun-46,F,Ohio,White,1983,2020,37,White
Mike Honda,RepMikeHonda,D,House,27-Jun-41,M,California,Asian,2001,2017,16,Non-White
Salud Carbajal,RepCarbajal,D,House,18-Nov-64,M,California,Hispanic,2017,2020,3,Non-White
Frank A. LoBiondo,RepLoBiondo,R,House,12-May-46,M,New Jersey,White,1995,2019,24,White
Patrick McHenry,PatrickMcHenry,R,House,22-Oct-75,M,North Carolina,White,2005,2020,15,White
Mazie K. Hirono,maziehirono,D,Senate,3-Nov-47,F,Hawaii,Asian,2007,2020,13,Non-White
Rodney Davis,RodneyDavis,R,House,5-Jan-70,M,Illinois,White,2013,2020,7,White
John Hoeven,SenJohnHoeven,R,Senate,13-Mar-57,M,North Dakota,White,2011,2020,9,White
Tim Ryan,RepTimRyan,D,House,16-Jul-73,M,Ohio,White,2003,2020,17,White
Adrian Smith,RepAdrianSmith,R,House,19-Dec-70,M,Nebraska,White,2007,2020,13,White
Mark Desaulnier,RepDeSaulnier,D,House,31-Mar-52,M,California,White,2015,2020,5,White
Bob Corker,SenBobCorker,R,Senate,24-Aug-52,M,Tennessee,White,2007,2019,12,White
Jim Banks,RepJimBanks,R,House,16-Jul-79,M,Indiana,White,2017,2020,3,White
Tom Graves,RepTomGraves,R,House,3-Feb-70,M,Georgia,White,2010,2020,10,White
Scott Desjarlais,DesJarlaisTN04,R,House,21-Feb-64,M,Tennessee,White,2011,2020,9,White
Ron DeSantis,GovRonDeSantis,R,House,14-Sep-74,M,Florida,White,2013,2018,5,White
John Conyers Jr,RepJohnConyers,D,House,16-May-29,M,Michigan,Black,1965,2017,52,Non-White
Gus Bilirakis,RepGusBilirakis,R,House,8-Feb-63,M,Florida,White,2007,2020,13,White
Dan Sullivan,SenDanSullivan,R,Senate,13-Nov-64,M,Alaska,White,2015,2020,5,White
Ryan K Zinke,RepRyanZinke,R,House,1-Nov-61,M,Montana,White,2015,2017,2,White
Louise M Slaughter,louiseslaughter,D,House,14-Aug-29,F,New York,White,1987,2018,31,White
Jason Smith,RepJasonSmith,R,House,16-Jun-80,M,Missouri,White,2013,2020,7,White
Bruce Poliquin,RepPoliquin,R,House,1-Nov-53,M,Maine,White,2015,2019,4,White
Bill Cassidy,BillCassidy,R,Senate,28-Sep-57,M,Louisiana,White,2009,2020,11,White
Jackie Walorski,RepWalorski,R,House,17-Aug-63,F,Indiana,White,2013,2020,7,White
Angus King,SenAngusKing,I,Senate,31-Mar-44,M,Maine,White,2013,2020,7,White
Tom Price,RepTomPrice,R,House,8-Oct-54,M,Georgia,White,2005,2017,12,White
Sean Patrick Maloney,RepSeanMaloney,D,House,30-Jul-66,M,New York,White,2013,2020,7,White
Steve Stivers,RepSteveStivers,R,House,24-Mar-65,M,Ohio,White,2011,2020,9,White
Kristi Noem,RepKristiNoem,R,House,30-Nov-71,F,South Dakota,White,2011,2019,8,White
Steve Pearce,RepStevePearce,R,House,24-Aug-47,M,New Mexico,White,2003,2019,16,White
Tammy Duckworth,SenDuckworth,D,Senate,12-Mar-68,F,Illinois,Asian,2013,2020,7,Non-White
Karen Bass,RepKarenBass,D,House,3-Oct-53,F,California,Black,2011,2020,9,Non-White
Chris Stewart,RepChrisStewart,R,House,15-Jul-60,M,Utah,White,2013,2020,7,White
Mike Lee,SenMikeLee,R,Senate,4-Jun-71,M,Utah,White,2011,2020,9,White
Steve Chabot,RepSteveChabot,R,House,22-Jan-53,M,Ohio,White,2011,2020,9,White
Lou Correa,RepLouCorrea,D,House,24-Aug-58,M,California,Hispanic,2017,2020,3,Non-White
Larry Bucshon,RepLarryBucshon,R,House,31-May-62,M,Indiana,White,2011,2020,9,White
Douglas L. Lamborn,RepDLamborn,R,House,24-May-54,M,Colorado,White,2007,2020,13,White
Charlie A. Gonzalez,TX20CharlieG,D,House,5-May-45,M,Texas,Hispanic,1999,2013,14,Non-White
Bill Foster,RepBillFoster,D,House,7-Oct-55,M,Illinois,White,2008,2020,12,White
John Carter,JudgeCarter,R,House,6-Nov-41,M,Texas,White,2003,2020,17,White
Ann L. Wagner,RepAnnWagner,R,House,13-Sep-62,F,Missouri,White,2013,2020,7,White
Darrell Issa,DarrellIssa,R,House,1-Nov-53,M,California,White,2001,2019,18,White
Kevin Yoder,RepKevinYoder,R,House,8-Jan-76,M,Kansas,White,2011,2019,8,White
David Schweikert,RepDavid,R,House,3-Mar-62,M,Arizona,White,2011,2020,9,White
John Lee Ratcliffe,RepRatcliffe,R,House,20-Oct-65,M,Texas,White,2015,2020,5,White
Andy Barr,RepAndyBarr,R,House,24-Jul-73,M,Kentucky,White,2013,2020,7,White
Sean P. Duffy,RepSeanDuffy,R,House,3-Oct-71,M,Wisconsin,White,2011,2019,8,White
Jim Renacci,RepJimRenacci,R,House,3-Dec-58,M,Ohio,White,2011,2019,8,White
Jerry McNerney,RepMcNerney,D,House,18-Jun-51,M,California,White,2007,2020,13,White
Phil Gingrey,RepPhilGingrey,R,House,10-Jul-42,M,Georgia,White,2003,2015,12,White
Tom Cotton,SenTomCotton,R,Senate,13-May-77,M,Arkansas,White,2013,2020,7,White
Linda Sanchez,RepLindaSanchez,D,House,28-Jan-69,F,California,Hispanic,2003,2020,17,Non-White
Mary L Landrieu,SenLandrieu,D,Senate,23-Nov-55,F,Louisiana,White,1997,2015,18,White
Hakeem Jeffries,RepJeffries,D,House,4-Aug-70,M,New York,Black,2013,2020,7,Non-White
Thomas MacArthur,RepTomMacArthur,R,House,16-Oct-60,M,New Jersey,White,2015,2019,4,White
Adam Schiff,RepAdamSchiff,D,House,22-Jun-60,M,California,White,2001,2020,19,White
Charlie Dent,RepCharlieDent,R,House,24-May-60,M,Pennsylvania,White,2005,2018,13,White
Jeanne Shaheen,SenatorShaheen,D,Senate,28-Jan-47,F,New Hampshire,White,2009,2020,11,White
Charles Bass,RepCharlesBass,R,House,8-Jan-52,M,New Hampshire,White,1995,2013,14,White
Brad Wenstrup,RepBradWenstrup,R,House,17-Jun-58,M,Ohio,White,2013,2020,7,White
Randy Neugebauer,RandyNeugebauer,R,House,24-Dec-49,M,Texas,White,2003,2017,14,White
Lynn Jenkins,RepLynnJenkins,R,House,10-Jun-63,F,Kansas,White,2009,2019,10,White
Paul Gosar,RepGosar,R,House,27-Nov-58,M,Arizona,White,2011,2020,9,White
Tom Emmer,RepTomEmmer,R,House,3-Mar-61,M,Minnesota,White,2015,2020,5,White
Martha McSally,SenMcSallyAZ,R,Senate,22-Mar-66,F,Arizona,White,2015,2020,5,White
Tom Marino,RepTomMarino,R,House,12-Aug-51,M,Pennsylvania,White,2011,2019,8,White
John A Barrasso,SenJohnBarrasso,R,Senate,21-Jul-52,M,Wyoming,White,2007,2020,13,White
Michael Burgess,michaelcburgess,R,House,23-Dec-50,M,Texas,White,2003,2020,17,White
Jeff Denham,RepJeffDenham,R,House,29-Jul-67,M,California,White,2011,2019,8,White
Pete Sessions,PeteSessions,R,House,22-Mar-55,M,Texas,White,1997,2019,22,White
Kenny Marchant,RepKenMarchant,R,House,23-Feb-51,M,Texas,White,2005,2020,15,White
Rick Nolan,USRepRickNolan,D,House,17-Dec-43,M,Minnesota,White,2013,2019,6,White
Jared Huffman,RepHuffman,D,House,18-Feb-64,M,California,White,2013,2020,7,White
Artur Davis,ArturDavis,D,House,9-Oct-67,M,Alabama,Black,2003,2011,8,Non-White
Ryan Costello,RepRyanCostello,R,House,7-Sep-76,M,Pennsylvania,White,2015,2019,4,White
Joe Courtney,RepJoeCourtney,D,House,6-Apr-53,M,Connecticut,White,2007,2020,13,White
John Boozman,JohnBoozman,R,Senate,10-Dec-50,M,Arkansas,White,2011,2020,9,White
David P Joyce,RepDaveJoyce,R,House,17-Mar-57,M,Ohio,White,2013,2020,7,White
Lou Barletta,RepLouBarletta,R,House,1-Jan-56,M,Pennsylvania,White,2011,2019,8,White
Ann Mclane Kuster,RepAnnieKuster,D,House,5-Sep-56,F,New Hampshire,White,2013,2020,7,White
Dennis Ross,RepDennisRoss,R,House,18-Oct-59,M,Florida,White,2011,2019,8,White
Aaron Schock,aaronschock,R,House,28-May-81,M,Illinois,White,2009,2015,6,White
Bill Johnson,RepBillJohnson,R,House,10-Nov-54,M,Ohio,White,2011,2020,9,White
Matt Cartwright,RepCartwright,D,House,1-May-61,M,Pennsylvania,White,2013,2020,7,White
Tom Harkin,SenatorHarkin,D,Senate,19-Nov-39,M,Iowa,White,1975,2015,40,White
Lois Capps,RepLoisCapps,D,House,10-Jan-38,F,California,White,1998,2017,29,White
Sherrod Brown,SenSherrodBrown,D,Senate,9-Nov-52,M,Ohio,White,2007,2020,13,White
Suzanne Bonamici,RepBonamici,D,House,14-Oct-54,F,Oregon,White,2012,2020,8,White
Gary Palmer,USRepGaryPalmer,R,House,14-May-54,M,Alabama,White,2015,2020,5,White
Marsha Blackburn,MarshaBlackburn,R,House,6-Jun-52,F,Tennessee,White,2003,2019,16,White
Mike D. Rogers,RepMikeRogersAL,R,House,16-Jul-58,M,Alabama,White,2003,2020,17,White
John A. Yarmuth,RepJohnYarmuth,D,House,4-Nov-47,M,Kentucky,White,2007,2020,13,White
Ami Bera,RepBera,D,House,2-Mar-65,M,California,Indian,2013,2020,7,Non-White
James Bridenstine,RepJBridenstine,R,House,15-Jun-75,M,Oklahoma,White,2013,2020,7,White
Todd Rokita,ToddRokita,R,House,9-Feb-70,M,Indiana,White,2011,2019,8,White
Thomas Massie,RepThomasMassie,R,House,13-Jan-71,M,Kentucky,White,2012,2020,8,White
Chris Coons,SenCoonsOffice,D,Senate,9-Sep-63,M,Delaware,White,2010,2020,10,White
Gene Green,RepGeneGreen,D,House,17-Oct-47,M,Texas,White,1993,2019,26,White
Ron Johnson,SenRonJohnson,R,Senate,8-Apr-55,M,Wisconsin,White,2011,2020,9,White
Michael R Turner,RepMikeTurner,R,House,11-Jan-60,M,Ohio,White,2003,2020,17,White
Roger Williams,RepRWilliams,R,House,13-Sep-49,M,Texas,White,2013,2020,7,White
George S. Lemieux,George_LeMieux,R,Senate,21-May-69,M,Florida,White,2009,2011,2,White
Jim Himes,jahimes,D,House,5-Jul-66,M,Connecticut,White,2009,2020,11,White
Mark Begich,SenatorBegich,D,Senate,30-Mar-62,M,Alaska,White,2009,2015,6,White
Mike Rogers,RepMikeRogers,R,House,2-Jun-63,M,Michigan,White,2001,2015,14,White
David Jolly,USRepDavidJolly,R,House,31-Oct-72,M,Florida,White,2014,2017,3,White
James Comer,KYComer,R,House,19-Aug-72,M,Kentucky,White,2016,2020,4,White
Jeff Duncan,RepJeffDuncan,R,House,7-Jan-66,M,South Carolina,White,2011,2020,9,White
Julia Brownley,JuliaBrownley26,D,House,28-Aug-52,F,California,White,2013,2020,7,White
Daniel Webster,RepWebster,R,House,27-Apr-49,M,Florida,White,2011,2020,9,White
John Carney,JohnCarneyDE,D,House,20-May-56,M,Delaware,White,2011,2017,6,White
Bernie Sanders,SenSanders,I,Senate,8-Sep-41,M,Vermont,White,2007,2020,29,White
Lisa Murkowski,lisamurkowski,R,Senate,22-May-57,F,Alaska,White,2002,2020,18,White
Michele Bachmann,MicheleBachmann,R,House,6-Apr-56,F,Minnesota,White,2007,2015,8,White
Doris O Matsui,DorisMatsui,D,House,25-Sep-44,F,California,Asian,2005,2020,15,Non-White
Markwayne Mullin,RepMullin,R,House,26-Jul-77,M,Oklahoma,Native American,2013,2020,7,Non-White
"Joseph A. Sestak, Jr",JoeSestak,D,House,12-Dec-51,M,Pennsylvania,White,2007,2011,4,White
Kevin Cramer,SenKevinCramer,R,Senate,21-Jan-61,M,North Dakota,White,2013,2020,7,White
Jerry Moran,JerryMoran,R,Senate,29-May-54,M,Kansas,White,1997,2020,29,White
George Miller,askgeorge,D,House,17-May-45,M,California,White,1975,2015,40,White
Tom Rooney,TomRooney,R,House,21-Nov-70,M,Florida,White,2009,2019,10,White
Pete Aguilar,RepPeteAguilar,D,House,19-Jun-79,M,California,Hispanic,2015,2020,5,Non-White
Dutch Ruppersberger,Call_Me_Dutch,D,House,31-Jan-46,M,Maryland,White,2003,2020,17,White
Pat Toomey,SenToomey,R,Senate,17-Nov-61,M,Pennsylvania,White,2011,2020,9,White
Barbara A Mikulski,SenatorBarb,D,Senate,20-Jul-36,F,Maryland,White,1977,2017,40,White
Mike Rounds,SenatorRounds,R,Senate,24-Oct-54,M,South Dakota,White,2015,2020,5,White
Barbara Boxer,SenatorBoxer,D,Senate,11-Nov-40,F,California,White,1983,2017,34,White
Maxine Waters,MaxineWaters,D,House,15-Aug-38,F,California,Black,1991,2020,29,Non-White
Amy Klobuchar,amyklobuchar,D,Senate,25-May-60,F,Minnesota,White,2007,2020,13,White
Bob Gibbs,RepBobGibbs,R,House,14-Jun-54,M,Ohio,White,2011,2020,9,White
John M. Shimkus,RepShimkus,R,House,21-Feb-58,M,Illinois,White,1997,2020,23,White
Jim Costa,RepJimCosta,D,House,13-Apr-52,M,California,White,2005,2020,15,White
Paul Cook,RepPaulCook,R,House,3-Mar-43,M,California,White,2013,2020,7,White
Mike Coffman,RepMikeCoffman,R,House,19-Mar-55,M,Colorado,White,2009,2019,10,White
Mike Enzi,SenatorEnzi,R,Senate,1-Feb-44,M,Wyoming,White,1997,2020,23,White
Chris Van Hollen,ChrisVanHollen,D,Senate,10-Jan-59,M,Maryland,White,2003,2020,17,White
Andre Carson,RepAndreCarson,D,House,16-Oct-74,M,Indiana,Black,2008,2020,12,Non-White
John Thune,SenJohnThune,R,Senate,7-Jan-61,M,South Dakota,White,1997,2020,22,White
Loretta Sanchez,LorettaSanchez,D,House,7-Jan-60,F,California,Hispanic,1997,2017,20,Non-White
Doc Hastings,DocHastings,R,House,7-Feb-41,M,Washington,White,1995,2015,20,White
Gerry Connolly,GerryConnolly,D,House,30-Mar-50,M,Virginia,White,2009,2020,11,White
Rob Wittman,RobWittman,R,House,3-Feb-59,M,Virginia,White,2007,2020,13,White
Nita M Lowey,NitaLowey,D,House,5-Jul-37,F,New York,White,1989,2020,31,White
Brian P. Bilbray,BilbrayCA50,R,House,28-Jan-51,M,California,White,1995,2013,13,White
Lindsey Graham,GrahamBlog,R,Senate,9-Jul-55,M,South Carolina,White,1995,2020,25,White
Jared Polis,jaredpolis,D,House,12-May-75,M,Colorado,White,2009,2019,10,White
Peter Welch,PeterWelch,D,House,2-May-47,M,Vermont,White,2007,2020,13,White
Hillary Rodham Clinton,HillaryClinton,D,Senate,26-Oct-47,F,New York,White,2001,2009,8,White
Zoe Lofgren,RepZoeLofgren,D,House,21-Dec-47,F,California,White,1995,2020,25,White
Thad McCotter,ThadMcCotter,R,House,22-Aug-65,M,Michigan,White,2003,2012,9,White
Reid Ribble,RepRibble,R,House,5-Apr-56,M,Wisconsin,White,2011,2017,6,White
Alex Mooney,RepAlexMooney,R,House,7-Jun-71,M,West Virginia,White,2015,2020,5,White
Blake Farenthold,farenthold,R,House,12-Dec-61,M,Texas,White,2011,2018,7,White
Cedric Richmond,RepRichmond,D,House,13-Sep-73,M,Louisiana,Black,2011,2020,9,Non-White
Bill Shuster,RepBillShuster,R,House,10-Jan-61,M,Pennsylvania,White,2001,2019,18,White
Rob Woodall,RepRobWoodall,R,House,11-Feb-70,M,Georgia,White,2011,2020,9,White
Trey Gowdy,TGowdySC,R,House,22-Aug-64,M,South Carolina,White,2011,2019,8,White
Richard W Allen,RepRickAllen,R,House,7-Nov-51,M,Georgia,White,2015,2020,5,White
Sander Levin,repsandylevin,D,House,6-Sep-31,M,Michigan,White,1983,2019,36,White
Tim Walberg,RepWalberg,R,House,12-Apr-51,M,Michigan,White,2007,2020,11,White
Michael F. Bennet,SenBennetCO,D,Senate,28-Nov-64,M,Colorado,White,2009,2020,11,White
Michael McCaul,RepMcCaul,R,House,14-Jan-62,M,Texas,White,2005,2020,15,White
Randy Weber,TXRandy14,R,House,2-Jul-53,M,Texas,White,2013,2020,7,White
Richard Burr,SenatorBurr,R,Senate,30-Nov-55,M,North Carolina,White,1995,2020,25,White
Alcee L. Hastings,RepHastingsFL,D,House,5-Sep-36,M,Florida,Black,1993,2020,27,Non-White
Jason Chaffetz,jasoninthehouse,R,House,26-Mar-67,M,Utah,White,2009,2017,8,White
Joni Ernst,SenJoniErnst,R,Senate,1-Jul-70,F,Iowa,White,2015,2020,5,White
Adam Smith,RepAdamSmith,D,House,15-Jun-65,M,Washington,White,1997,2020,23,White
Luke Messer,RepLukeMesser,R,House,27-Feb-69,M,Indiana,White,2013,2019,6,White
Cory Gardner,SenCoryGardner,R,Senate,22-Aug-74,M,Colorado,White,2011,2020,9,White
Scott Perry,RepScottPerry,R,House,27-May-62,M,Pennsylvania,White,2013,2020,7,White
Robert Pittenger,RepPittenger,R,House,14-Aug-48,M,North Carolina,White,2013,2019,6,White
Martha Roby,RepMarthaRoby,R,House,26-Jul-76,F,Alabama,White,2011,2020,9,White
Dave Brat,RepDaveBrat,R,House,27-Jul-64,M,Virginia,White,2014,2019,5,White
Lamar Smith,LamarSmithTX21,R,House,19-Nov-47,M,Texas,White,1987,2019,32,White
Timothy H. Bishop,TimBishopNY,D,House,1-Jun-50,M,New York,White,2003,2015,12,White
Sanford D. Bishop Jr,SanfordBishop,D,House,4-Feb-47,M,Georgia,Black,1993,2020,27,Non-White
Harry Reid,SenatorReid,D,Senate,2-Dec-39,M,Nevada,White,1983,2017,34,White
James M Inhofe,InhofePress,R,Senate,17-Nov-34,M,Oklahoma,White,1987,2020,33,White
Thad Cochran,SenThadCochran,R,Senate,7-Dec-37,M,Mississippi,White,1978,2018,40,White
Blaine Luetkemeyer,RepBlaine,R,House,7-May-52,M,Missouri,White,2009,2020,11,White
Mike Bost,RepBost,R,House,30-Dec-60,M,Illinois,White,2015,2020,5,White
Dave Reichert,davereichert,R,House,29-Aug-50,M,Washington,White,2005,2019,14,White
Bill Pascrell Jr,BillPascrell,D,House,25-Jan-37,M,New Jersey,White,1997,2020,33,White
Scott Garrett,RepGarrett,R,House,9-Jul-59,M,New Jersey,White,2003,2017,14,White
Mark A Takano,RepMarkTakano,D,Senate,10-Dec-60,M,California,Asian,2013,2020,7,Non-White
Dan Coats,SenDanCoats,R,House,16-May-43,M,Indiana,White,1981,2017,36,White
John B Larson,RepJohnLarson,D,House,22-Jul-48,M,Connecticut,White,1999,2020,21,White
Scott Tipton,RepTipton,R,House,9-Nov-56,M,Colorado,White,2011,2020,9,White
Andy Harris,RepAndyHarrisMD,R,House,25-Jan-57,M,Maryland,White,2011,2020,9,White
Elizabeth Warren,SenWarren,D,Senate,22-Jun-49,F,Massachusetts,White,2013,2020,7,White
Derek Kilmer,RepDerekKilmer,D,House,1-Jan-74,M,Washington,White,2013,2020,7,White
Kay Bailey Hutchison,kaybaileyhutch,R,Senate,22-Jul-43,F,Texas,White,1993,2013,20,White
Robert Hurt,RepRobertHurt,R,House,16-Jun-69,M,Virginia,White,2011,2017,6,White
James W DeMint,JimDeMint,R,Senate,2-Sep-51,M,South Carolina,White,1999,2013,14,White
Tom Reed,RepTomReed,R,House,18-Nov-71,M,New York,White,2010,2020,10,White
Darin LaHood,RepLaHood,R,House,5-Jul-68,M,Illinois,White,2015,2020,5,White
Marlin Stutzman,RepStutzman,R,House,31-Aug-76,M,Indiana,White,2010,2017,7,White
John F. Tierney,RepTierney,D,House,18-Sep-51,M,Massachusetts,White,1997,2015,18,White
James D. Jordan,Jim_Jordan,R,House,17-Feb-64,M,Ohio,White,2007,2020,13,White
Deborah Ann Stabenow,SenStabenow,D,Senate,29-Apr-50,F,Michigan,White,1997,2020,23,White
Steven Palazzo,CongPalazzo,R,House,21-Feb-70,M,Mississippi,White,2011,2020,9,White
Brian Schatz,SenBrianSchatz,D,Senate,20-Oct-72,M,Hawaii,White,2012,2020,8,White
Jeff Fortenberry,JeffFortenberry,R,House,27-Dec-60,M,Nebraska,White,2005,2020,15,White
Filemon Vela,RepFilemonVela,D,House,13-Feb-63,M,Texas,Hispanic,2013,2020,7,Non-White
Anna Eshoo,RepAnnaEshoo,D,House,13-Dec-42,F,California,White,1993,2020,27,White
Glenn S Grothman,RepGrothman,R,House,3-Jul-55,M,Wisconsin,White,2015,2020,5,White
Ken Calvert,KenCalvert,R,House,8-Jun-53,M,California,White,1993,2020,27,White
Buddy Carter,RepBuddyCarter,R,House,6-Sep-57,M,Georgia,White,2015,2020,5,White
Ben Sasse,SenSasse,R,Senate,22-Feb-72,M,Nebraska,White,2015,2020,5,White
Hal Rogers,RepHalRogers,R,House,31-Dec-37,M,Kentucky,White,1981,2020,39,White
Evan Jenkins,EvanJenkinsWV,R,House,12-Sep-60,M,West Virginia,White,2015,2018,3,White
Curt Clawson,RepCurtClawson,R,House,28-Sep-59,M,Florida,White,2014,2017,3,White
Tom Rice,RepTomRice,R,House,4-Aug-57,M,South Carolina,White,2013,2020,7,White
Gregg Harper,GreggHarper,R,House,1-Jun-56,M,Mississippi,White,2009,2019,10,White
Joe Wilson,RepJoeWilson,R,House,31-Jul-47,M,South Carolina,White,2001,2020,19,White
John Culberson,johnculberson,R,House,24-Aug-56,M,Texas,White,2001,2019,18,White
David Rouzer,RepDavidRouzer,R,House,16-Feb-72,M,North Carolina,White,2015,2020,5,White
James E Clyburn,Clyburn,D,House,21-Jul-40,M,South Carolina,Black,1993,2020,27,Non-White
Virginia Foxx,virginiafoxx,R,House,29-Jun-43,F,North Carolina,White,2005,2020,15,White
John Sullivan,USRepSullivan,R,House,1-Jan-65,M,Oklahoma,White,2002,2013,11,White
Jim McDermott,RepJimMcDermott,D,House,28-Dec-36,M,Washington,White,1989,2017,28,White
Chris Smith,RepChrisSmith,R,House,4-Mar-53,M,New Jersey,White,1981,2020,39,White
Mark Sanford,RepSanfordSC,R,House,28-May-60,M,South Carolina,White,2013,2019,6,White
David Scott,repdavidscott,D,House,27-Jun-45,M,Georgia,Black,2003,2020,16,Non-White
Mark Amodei,MarkAmodeiNV2,R,House,12-Jun-58,M,Nevada,White,2011,2020,9,White
Morgan Griffith,RepMGriffith,R,House,15-Mar-58,M,Virginia,White,2011,2020,9,White
Kay Granger,RepKayGranger,R,House,18-Jan-43,F,Texas,White,1997,2020,23,White
Mike Conaway,ConawayTX11,R,House,11-Jun-48,M,Texas,White,2005,2020,15,White
Susan Collins,SenatorCollins,R,Senate,7-Dec-52,F,Maine,White,1997,2020,23,White
Steven A King,SteveKingIA,R,House,28-May-49,M,Iowa,White,2003,2020,17,White
David Valadao,RepDavidValadao,R,House,14-Apr-77,M,California,White,2013,2019,6,White
Jeff Flake,JeffFlake,R,Senate,31-Dec-62,M,Arizona,White,2001,2019,18,White
John Sarbanes,RepSarbanes,D,House,22-May-62,M,Maryland,White,2007,2020,13,White
Lee Zeldin,RepLeeZeldin,R,House,30-Jan-80,M,New York,White,2015,2020,5,White
Tom Latham,TomLatham,R,House,14-Jul-48,M,Iowa,White,1995,2015,20,White
Dan Lungren,RepDanLungren,R,House,22-Sep-46,M,California,White,2005,2013,8,White
Ed Whitfield,RepEdWhitfield,R,House,25-May-43,M,Kentucky,White,1995,2016,21,White
Vernon Buchanan,VernBuchanan,R,House,8-May-51,M,Florida,White,2007,2020,13,White
Ralph Abraham,RepAbraham,R,House,16-Sep-54,M,Louisiana,White,2015,2020,5,White
Chuck Grassley,ChuckGrassley,R,Senate,17-Sep-33,M,Iowa,White,1975,2020,45,White
Richard E. Neal,RepRichardNeal,D,House,14-Feb-49,M,Massachusetts,White,1989,2020,31,White
James E Risch,SenatorRisch,R,Senate,3-May-43,M,Idaho,White,2009,2020,11,White
Rodney Frelinghuysen,USRepRodney,R,House,29-Apr-46,M,New Jersey,White,1995,2019,24,White
Raul Ruiz,CongressmanRuiz,D,House,25-Aug-72,M,California,Hispanic,2013,2020,7,Non-White
Richard C. Shelby,SenShelby,R,Senate,6-May-34,M,Alabama,White,1987,2020,33,White
Mo Brooks,RepMoBrooks,R,House,29-Apr-54,M,Alabama,White,2011,2020,9,White
Russ Feingold,russfeingold,D,Senate,2-Mar-53,M,Wisconsin,White,1993,2011,18,White
John Fleming,RepFleming,R,House,5-Jul-51,M,Louisiana,White,2009,2017,8,White
Jim Moran,Jim_Moran,D,House,16-May-45,M,Virginia,White,1991,2015,24,White
Ted Yoho,RepTedYoho,R,House,13-Apr-55,M,Florida,White,2013,2020,7,White
Joe Lieberman,JoeLieberman,D,Senate,24-Feb-42,M,Connecticut,White,1989,2013,24,White
Peter DeFazio,RepPeterDeFazio,D,House,27-May-47,M,Oregon,White,1987,2020,33,White
Gary Ackerman,RepGaryAckerman,D,House,19-Nov-42,M,New York,White,1983,2013,30,White
Don Young,repdonyoung,R,House,9-Jun-33,M,Alaska,White,1973,2020,47,White
Connie Mack,RepConnieMack,R,House,12-Aug-67,M,Florida,White,2005,2013,8,White
Austin Scott,AustinScottGA08,R,House,10-Dec-69,M,Georgia,White,2011,2020,9,White
Colleen Hanabusa,RepHanabusa,D,House,4-May-51,M,Hawaii,Asian,2011,2019,7,Non-White
Ron Kind,RepRonKind,D,House,16-Mar-63,M,Wisconsin,White,1997,2020,23,White
Brett Guthrie,RepGuthrie,R,House,18-Feb-64,M,Kentucky,White,2009,2020,11,White
Kurt Schrader,RepSchrader,D,House,19-Oct-51,M,Oregon,White,2009,2020,11,White
Jeb Hensarling,RepHensarling,R,House,29-May-57,M,Texas,White,2003,2019,16,White
Bill Owens,BillOwensNY,D,House,20-Jan-49,M,New York,White,2009,2015,6,White
David Loebsack,daveloebsack,D,House,23-Dec-52,M,Iowa,White,2007,2020,13,White
John Katko,RepJohnKatko,R,House,9-Nov-62,M,New York,White,2015,2020,5,White
Pete Visclosky,RepVisclosky,D,House,13-Aug-49,M,Indiana,White,1985,2020,35,White
Brad Sherman,BradSherman,D,House,24-Oct-54,M,California,White,1997,2020,23,White
F James Sensenbrenner Jr,JimPressOffice,R,House,14-Jun-43,M,Wisconsin,White,1979,2020,31,White
Joe Baca,RepJoeBaca,D,House,23-Jan-47,M,California,Hispanic,1999,2013,24,Non-White
Tom Cole,TomColeOK04,R,House,28-Apr-49,M,Oklahoma,Native American,2003,2020,17,Non-White
John Lewis,repjohnlewis,D,House,21-Feb-40,M,Georgia,Black,1987,2020,33,Non-White
Mac Thornberry,MacTXPress,R,House,15-Jul-58,M,Texas,White,1995,2020,25,White
Bobby L Rush,RepBobbyRush,D,House,23-Nov-46,M,Illinois,Black,1993,2020,27,Non-White
Tim Johnson,SenJohnsonSD,D,Senate,28-Dec-46,M,South Dakota,White,1997,2015,18,White
Dave Trott,repdavetrott,R,House,16-Oct-60,M,Michigan,White,2015,2019,4,White
Collin C Peterson,collinpeterson,D,House,29-Jun-44,M,Minnesota,White,1991,2020,29,White
Ben R. Lujan,repbenraylujan,D,House,7-Jun-72,M,New Mexico,Hispanic,2009,2020,11,Non-White
Mike Doyle,USRepMikeDoyle,D,House,5-Aug-53,M,Pennsylvania,White,1995,2020,25,White
John Moolenaar,RepMoolenaar,R,House,8-May-61,M,Michigan,White,2015,2020,5,White
Ander Crenshaw,AnderCrenshaw,R,House,1-Sep-44,M,Florida,White,2001,2017,16,White
Phil Roe,DrPhilRoe,R,House,21-Jul-45,M,Tennessee,White,2009,2020,11,White
J. Randy Forbes,Randy_Forbes,R,House,17-Feb-52,M,Virginia,White,2001,2017,16,White
Bennie G. Thompson,BennieGThompson,D,House,28-Jan-48,M,Mississippi,Black,1993,2020,27,Non-White
Gresham Barrett,greshambarrett,R,House,14-Feb-61,M,South Carolina,White,2003,2011,8,White
Peter Hoekstra,petehoekstra,R,House,30-Oct-53,M,Michigan,White,1993,2011,18,White
Mark R Meadows,RepMarkMeadows,R,House,28-Oct-59,M,North Carolina,White,2013,2020,7,White
Saxby Chambliss,SaxbyChambliss,R,Senate,10-Nov-43,M,Georgia,White,1995,2015,20,White
Dan Benishek,CongressmanDan,R,House,20-Apr-52,M,Michigan,White,2011,2017,6,White
Cynthia Marie Lummis,CynthiaLummis,R,House,10-Sep-54,M,Wyoming,White,2009,2017,8,White
Greg Walden,repgregwalden,R,House,10-Jan-57,M,Oregon,White,1999,2020,21,White
Jay Inslee,RepInsleeNews,D,House,9-Feb-51,M,Washington,White,1999,2012,13,White
Jim Matheson,RepJimMatheson,D,House,21-Mar-60,M,Utah,White,2001,2015,14,White
Todd Tiahrt,reptoddtiahrt,R,House,15-Jun-51,M,Kansas,White,1995,2011,16,White
John J Duncan Jr,RepJohnDuncanJr,R,House,21-Jul-47,M,Tennessee,White,1988,2019,31,White
Robert B. Aderholt,Robert_Aderholt,R,House,22-Jul-65,M,Alabama,White,1997,2020,23,White
Howard L. Berman,RepHowardBerman,D,House,15-Apr-41,M,California,White,1983,2013,30,White
Mel Martinez,MelMartinez,R,Senate,23-Oct-46,M,Florida,Hispanic,2005,2009,4,Non-White
Bill Posey,congbillposey,R,House,18-Dec-47,M,Florida,White,2009,2020,11,White
Howard Coble,HowardCoble,R,House,18-Mar-31,M,North Carolina,White,1985,2015,30,White
Shelley Berkley,RepBerkley,D,House,20-Jan-51,F,Nevada,White,1999,2013,14,White
John Shadegg,RepJohnShadegg,R,House,22-Oct-49,M,Arizona,White,1995,2011,16,White
Steven Russell,RepRussell,R,House,25-May-63,M,Oklahoma,White,2015,2019,4,White
Jerry Lewis,RepJerryLewis,R,House,21-Oct-34,M,California,White,1979,2013,34,White
Edolphus Towns,EdTowns,D,House,21-Jul-34,M,New York,Black,1983,2013,30,Non-White
Deborah Halvorson,debbiehalvorson,D,House,1-Mar-58,F,Illinois,White,2009,2011,2,White
Sam Johnson,SamsPressShop,R,House,11-Oct-30,M,Texas,White,1991,2019,28,White
Doug LaMalfa,RepLaMalfa,R,House,2-Jul-60,M,California,White,2013,2020,7,White
Joseph R Biden Jr,JoeBiden,D,Senate,20-Nov-42,M,Delaware,White,1973,2009,36,White
Robert A. Brady,RepBrady,D,House,7-Apr-45,M,Pennsylvania,White,1998,2019,21,White
George Holding,RepHolding,R,House,17-Aug-68,M,North Carolina,White,2013,2020,7,White
Duncan D Hunter,Rep_Hunter,R,House,7-Dec-76,M,California,White,2009,2020,11,White
Howard P. (Buck) Mckeon,BuckMcKeon,R,House,9-Sep-38,M,California,White,1993,2015,22,White
Gary Miller,RepGaryMiller,R,House,16-Oct-48,M,California,White,1999,2015,16,White
Jaime Herrera Beutler,HerreraBeutler,R,House,3-Nov-78,F,Washington,Hispanic,2011,2020,9,Non-White
Michael E. Capuano,mikecapuano,D,House,9-Jan-52,M,Massachusetts,White,1999,2019,20,White
Frank D Lucas,RepFrankLucas,R,House,6-Jan-60,M,Oklahoma,White,1994,2020,26,White
Pete King,RepPeteKing,R,House,5-Apr-44,M,New York,White,1993,2020,27,White
George Radanovich,RepRadanovich,R,House,20-Jun-55,M,California,White,1995,2011,16,White
James L. Oberstar,JimOberstar,D,House,10-Sep-34,M,Minnesota,White,1975,2011,36,White
Candice S. Miller,CandiceMiller,R,House,7-May-54,F,Michigan,White,2003,2016,13,White
Mike Simpson,CongMikeSimpson,R,House,8-Sep-50,M,Idaho,White,1999,2020,21,White
Cliff Stearns,RepCliffStearns,R,House,16-Apr-41,M,Florida,White,1989,2013,24,White
Earl Blumenauer,BlumenauerMedia,D,House,16-Aug-48,M,Oregon,White,1996,2020,24,White
Tom McClintock,RepMcClintock,R,House,10-Jul-56,M,California,White,2009,2020,11,White
Arlen Specter,SenArlenSpecter,R,Senate,12-Feb-30,M,Pennsylvania,White,1981,2011,30,White
Scott Brown,USSenScottBrown,R,Senate,12-Sep-59,M,New Hampshire,White,2010,2013,3,White
Glenn Nye,GlennNye,D,House,9-Sep-74,M,Virginia,White,2009,2011,2,White
Luis V. Gutierrez,LuisGutierrez,D,House,10-Dec-53,M,Illinois,Hispanic,1993,2019,26,Non-White
Ron Paul,RepRonPaul,R,House,20-Aug-35,M,Texas,White,1976,2013,24,White
Christopher J. Dodd,SenChrisDodd,D,Senate,27-May-44,M,Connecticut,White,1975,2011,36,White
Bill Nelson,SenBillNelson,D,Senate,29-Sep-42,M,Florida,White,1979,2019,30,White
Carolyn McCarthy,RepMcCarthyNY,D,House,5-Jan-44,F,New York,White,1997,2015,18,White
Leonard Boswell,LeonardBoswell,D,House,30-Oct-57,M,Iowa,White,1997,2013,16,White
Dana Rohrabacher,DanaRohrabacher,R,House,21-Jun-47,M,California,White,1989,2019,30,White
Ron Klein,RepRonKlein,D,House,10-Jul-57,M,Florida,White,2007,2011,4,White
Spencer Bachus,BachusAL06,R,House,28-Dec-47,M,Alabama,White,1993,2015,22,White
Duncan Hunter,DuncanHunter,R,House,7-Dec-76,M,California,White,2009,2020,11,White
Jeff Sessions,jeffsessions,R,Senate,24-Dec-46,M,Alabama,White,1997,2017,20,White
Eleanor Norton,EleanorNorton,D,House,6/13/37,F,DC,Black,1991,2020,29,Non-White
Lizzie Fletcher,RepFletcher,D,House,2/13/75,F,Texas,White,2019,2020,1,White
Kevin Hern,RepKevinHern,R,House,12/4/61,M,Oklahoma,White,2018,2020,2,White
Adriano Espaillat,RepEspaillat,D,House,9/12/54,M,New York,Hispanic,2017,2020,3,Non-White
Don Beyer,RepDonBeyer,D,House,6/20/50,M,Virginia,White,2015,2020,5,White
Bradley Schneider,RepSchneider,D,House,8/20/61,M,Illinois,White,2017,2020,3,White
Haley Stevens,RepHaleyStevens,D,House,6/24/83,F,Michigan,White,2019,2020,1,White
Debbie Lesko,debbielesko,R,House,10/14/68,F,Arizona,White,2018,2020,2,White
Tom Suozzi,RepTomSuozzi,D,House,8/31/62,M,New York,White,2017,2020,3,White
Jimmy Panetta,RepJimmyPanetta,D,House,10/1/69,M,California,White,2017,2020,3,White
Garret Graves,RepGarretGraves,R,House,1/31/72,M,Louisiana,White,2015,2020,5,White
Donald Mceachin,RepMcEachin,D,House,10/10/61,M,Virginia,Black,2017,2020,3,Non-White
Gilbert Ray Cisneros,RepGilCisneros,D,House,2/12/71,M,California,Hispanic,2019,2020,1,Non-White
David Kustoff,repdavidkustoff,R,House,10/8/66,M,Tennessee,White,2017,2020,3,White
Katie Hill,RepKatieHill,D,House,8/25/87,F,California,White,2019,2019,1,White
Lloyd Smucker,RepSmucker,R,House,1/23/64,M,Pennsylvania,White,2017,2020,3,White
Mike Kelly,MikeKellyforPA,R,House,5/10/48,M,Pennsylvania,White,2011,2020,9,White
Cindy Hyde-Smith,SenHydeSmith,R,Senate,5/10/59,F,Mississippi,White,2018,2020,2,White
Mark Green,RepMarkGreen,R,House,11/8/64,M,Tennessee,White,2019,2020,1,White
Rand Paul,RandPaul,R,Senate,1/3/11,M,Kentucky,White,2011,2020,9,White
Ro Khanna,RepRoKhanna,D,House,9/13/76,M,California,Indian,2017,2020,3,Non-White
Pete Stauber,RepPeteStauber,R,House,5/10/66,M,Minnesota,White,2019,2020,1,White
Margaret Wood Hassan,SenatorHassan,D,Senate,2/27/58,F,New Hampshire,White,2017,2020,3,White
Mikie Sherrill,RepSherrill,D,House,1/19/72,F,New Jersey,White,2019,2020,1,White
Jesus Garcia,RepChuyGarcia,D,House,4/12/56,M,Illinois,Hispanic,2019,2020,1,Non-White
Daniel Meuser,RepMeuser,R,House,2/10/64,M,Pennsylvania,White,2019,2020,1,White
Tom Malinowski,RepMalinowski,D,House,9/23/65,M,New Jersey,White,2019,2020,1,White
Greg Stanton,RepGregStanton,D,House,3/8/70,M,Arizona,White,2019,2020,1,White
Donna Shalala,RepShalala,D,House,2/14/41,F,Florida,White,2019,2020,1,White
Rob Bishop,RepRobBishop,R,House,7/13/51,M,Utah,White,2003,2020,17,White
Kelly Armstrong,RepArmstrongND,R,House,10/8/76,M,North Dakota,White,2019,2020,1,White
Val Demings,RepValDemings,D,House,3/12/57,F,Florida,Black,2017,2020,3,Non-White
Todd Young,SenToddYoung,R,Senate,8/24/72,M,Indiana,White,2011,2020,9,White
Elissa Slotkin,repslotkin,D,House,7/10/76,F,Michigan,White,2019,2020,1,White
Michael Waltz,RepMichaelWaltz,R,House,1/31/74,M,Florida,White,2019,2020,1,White
Mike Levin,RepMikeLevin,D,House,10/20/78,M,California,White,2019,2020,1,White
Angela Craig,RepAngieCraig,D,House,2/14/72,F,Minnesota,White,2019,2020,1,White
George Holding,GeorgeHolding,R,House,4/17/68,M,North Carolina,White,2013,2020,7,White
Jack Bergman,RepJackBergman,R,House,2/2/47,M,Michigan,White,2017,2020,3,White
Ben Cline,RepBenCline,R,House,2/29/72,M,Virginia,White,2019,2020,1,White
Susan Wild,RepSusanWild,D,House,6/7/57,F,Pennsylvania,White,2018,2020,2,White
Darin LaHood,ElectLaHood,R,House,7/5/68,M,Illinois,White,2015,2020,5,White
Katie Porter,RepKatiePorter,D,House,1/3/74,F,California,White,2019,2020,1,White
Brendan Boyle,CongBoyle,D,House,2/6/77,M,Pennsylvania,White,2015,2020,5,White
Raja Krishnamoorthi,congressmanraja,D,House,7/19/73,M,Illinois,Indian,2017,2020,3,Non-White
Debbie Lesko,RepDLesko,R,House,11/14/58,F,Arizona,White,2018,2020,2,White
Catherine Cortez Masto,SenCortezMasto,D,Senate,1/3/17,F,Nevada,White,2017,2020,3,White
Andy Biggs,RepAndyBiggsAZ,R,House,11/7/58,M,Arizona,White,2017,2020,3,White
Al Lawson,RepAlLawsonJr,D,House,9/23/48,M,Florida,Black,2017,2020,3,Non-White
Brian Fitzpatrick,RepBrianFitz,R,House,12/17/73,M,Pennsylvania,White,2017,2020,3,White
Sylvia Garcia,RepSylviaGarcia,D,House,9/6/50,F,Texas,White,2019,2020,1,White
Abigail Spanberger,RepSpanberger,D,House,8/7/79,F,Virginia,White,2019,2020,1,White
Debbie Mucarsel-Powell,RepDMP,D,House,1/18/71,F,Florida,Hispanic,2019,2020,1,Non-White
Michael Guest,RepMichaelGuest,R,House,2/4/70,M,Mississippi,White,2019,2020,1,White
Bill Huizenga,RepHuizenga,R,House,1/31/69,M,Michigan,White,2011,2020,9,White
John Joyce,RepJohnJoyce,R,House,2/8/57,M,Pennsylvania,White,2019,2020,1,White
Rick Scott,SenRickScott,R,Senate,12/1/52,M,Florida,White,2019,2020,1,White
Sharice Davids,RepDavids,D,House,5/22/80,F,Kansas,Native American,2019,2020,1,Non-White
Jose Serrano,RepJoseSerrano,D,House,10/24/43,M,New York,Hispanic,1990,2020,20,Non-White
Chip Roy,RepChipRoy,R,House,8/7/72,M,Texas,White,2019,2020,1,White
Josh Gottheimer,RepJoshG,D,House,3/8/75,M,New Jersey,White,2017,2020,3,White
Tim Burchett,RepTimBurchett,R,House,8/25/64,M,Tennessee,White,2019,2020,1,White
Max Rose,RepMaxRose,D,House,11/28/86,M,New York,White,2019,2020,1,White
French Hill,RepFrenchHill,R,House,12/5/56,M,Arkansas,White,2015,2020,5,White
Liz Chaney,RepLizCheney,R,House,7/28/66,F,Wyoming,White,2019,2020,1,White
Tina Smith,SenTinaSmith,D,Senate,3/4/58,F,Minnesota,White,2018,2020,2,White
Kamala Harris,KamalaHarris,D,Senate,10/20/64,F,California,Mixed,2017,2020,3,Non-White
Conor Lamb,RepConorLamb,D,House,6/27/84,M,Pennsylvania,White,2019,2020,1,White
Vicente Gonzalez,RepGonzalez,D,House,9/4/67,M,Texas,Hispanic,2017,2020,3,Non-White
Susan Davis,RepSusanDavis,D,House,4/13/44,F,California,White,2001,2020,19,White
Troy Balderson,RepBalderson,R,House,1/16/62,M,Ohio,White,2018,2020,2,White
William Keating,USRepKeating,D,House,9/6/52,M,Massachusetts,White,2011,2020,9,White
Jodey Arrington,RepArrington,R,House,3/9/72,M,Texas,White,2017,2020,3,White
Walter B. Jones,RepWalterJones,R,House,2/10/43,M,North Carolina,White,1995,2019,24,White
Mary-Gay Scanlon,RepMGS,D,House,8/30/59,F,Pennsylvania,White,2018,2020,2,White
Cynthia Axne,RepCindyAxne,D,House,4/20/65,F,Iowa,White,2019,2020,1,White
Abby Finkenauer,RepFinkenauer,D,House,12/27/88,F,Iowa,White,2019,2020,1,White
John Rose,RepJohnRose,R,House,2/23/65,M,Tennessee,White,2019,2020,1,White
Josh Harder,RepJoshHarder,D,House,1/3/86,M,California,White,2019,2020,1,White
Jodey Arrington,JodeyArrington,R,House,3/9/72,M,Texas,White,2017,2020,3,White
Josh Hawley,HawleyMO,R,Senate,12/31/79,M,Missouri,White,2019,2020,1,White
Jamie Raskin,repraskin,D,House,12/13/62,M,Maryland,White,2017,2020,3,White
Jefferson Van Drew,CongressmanJVD,D,House,12/23/53,M,New Jersey,White,2019,2020,1,White
Chris Coons,ChrisCoons,D,Senate,9/9/63,M,Delaware,White,2010,2020,10,White
Matt Gaetz,RepMattGaetz,R,House,5/7/82,M,Florida,White,2017,2020,3,White
Debbie Dingell,RepDebDingell,D,House,11/23/53,F,Michigan,White,2015,2020,5,White
Evans Dwight,RepDwightEvans,D,House,5/16/54,M,Pennsylvania,Black,2016,2020,4,Non-White
Francis Rooney,RepRooney,R,House,12/4/53,M,Florida,White,2017,2020,3,White
Clay Higgins,RepClayHiggins,R,House,8/24/61,M,Louisiana,White,2017,2020,3,White
Jahana Hayes,RepJahanaHayes,D,House,1/3/19,F,Connecticut,Black,2019,2020,1,Non-White
Lance Gooden,Lancegooden,R,House,12/1/82,M,Texas,White,2019,2020,1,White
Jared Golden,RepGolden,D,House,7/25/82,M,Maine,White,2019,2020,1,White
Steven Horsford,RepHorsford,D,House,4/29/73,M,Nevada,Black,2019,2020,1,Non-White
Mitt Romney,SenatorRomney,R,Senate,3/12/47,M,Utah,White,2019,2020,1,White
Neal Dunn,DrNealDunnFL2,R,House,2/16/53,M,Florida,White,2017,2020,3,White
Jim Banks,Jim_Banks,R,House,7/16/79,M,Indiana,White,2017,2020,3,White
Barry Loudermilk,RepLoudermilk,R,House,12/22/63,M,Georgia,White,2015,2020,5,White
Tim Kaine,timkaine,D,Senate,2/26/58,M,Virginia,White,2013,2020,7,White
Trey Hollingsworth,reptrey,R,House,9/12/83,M,Indiana,White,2017,2020,3,White
Steve Cohen,RepCohen,D,House,5/24/49,M,Tennessee,White,2007,2020,13,White
Ralph Norman,RepRalphNorman,R,House,6/20/53,M,South Carolina,White,2017,2020,3,White
Lisa Blunt Rochester,RepLBR,D,House,2/10/62,F,Delaware,Black,2017,2020,3,Non-White
Amata Radewagen,RepAmata,R,House,12/29/47,F,Samoa,Asian,2015,2020,5,Non-White
Anthony Brindisi,RepBrindisi,D,House,11/22/78,M,New York,White,2019,2020,1,White
David Trone,RepDavidTrone,D,House,9/21/55,M,Maryland,White,2019,2020,1,White
Alexandria Ocasio-Cortex,RepAOC,D,House,10/13/89,F,New York,Hispanic,2019,2020,1,Non-White
Deb Haaland,RepDebHaaland,D,House,12/2/60,F,New Mexico,Native American,2019,2020,1,Non-White
Juan Vargas,RepJuanVargas,D,House,3/7/61,M,California,Hispanic,2013,2020,7,Non-White
Colin Allred,RepColinAllred,D,House,4/15/83,M,Texas,Black,2019,2020,1,Non-White
Denver Riggleman,RepRiggleman,R,House,3/17/70,M,Virginia,White,2019,2020,1,White
John Rutherford,RepRutherfordFL,R,House,9/2/52,M,Florida,White,2017,2020,3,White
Ted Budd,RepTedBudd,R,House,10/21/71,M,North Carolina,White,2017,2020,3,White
Danny K. Davis,RepDannyDavis,D,House,9/6/41,M,Illinois,Black,1997,2020,23,Non-White
Stephanie Murphy,RepStephMurphy,D,House,9/16/78,F,Florida,Asian,2017,2020,3,Non-White
Chellie Pingree,ChelliePingree,D,House,4/2/55,F,Maine,White,2009,2020,11,White
Anthony Gonzalez,RepAGonzalez,R,House,9/18/84,M,Ohio,Hispanic,2019,2020,1,Non-White
Dusty Johnson,RepDustyJohnson,R,House,9/30/76,M,South Dakota,White,2019,2020,1,White
Earl Blumenauer,repblumenauer,D,House,8/16/48,M,Oregon,White,1996,2020,24,White
Warren Davidson,WarrenDavidson,R,House,3/1/70,M,Ohio,White,2016,2020,4,White
Harley Rouda,RepHarley,D,House,12/10/61,M,California,White,2019,2020,1,White
Jim Cooper,RepJimCooper,D,House,6/19/54,M,Tennessee,White,2003,2020,17,White
Ben McAdams,RepBenMcAdams,D,House,12/5/74,M,Utah,White,2019,2020,1,White
Trent Kelly,RepTrentKelly,R,House,3/1/66,M,Mississippi,White,2015,2020,5,White
Ross Spano,RepRossSpano,R,House,7/16/66,M,Florida,White,2019,2020,1,White
Dean Phillips,RepDeanPhillips,D,House,1/20/69,M,Minnesota,White,2019,2020,1,White
Drew Ferguson,RepDrewFerguson,R,House,11/15/66,M,Georgia,White,2019,2020,1,White
Ron Estes,RepRonEstes,R,House,7/19/56,M,Kansas,White,2017,2020,3,White
Carol Miller,RepCarolMiller,R,House,11/4/50,F,West Virginia,White,2019,2020,1,White
John Kennedy,SenJohnKennedy,R,Senate,11/21/51,M,Louisiana,White,2017,2020,3,White
Sean Casten,RepCasten,D,House,11/23/71,M,Illinois,White,2019,2020,1,White
Madeleine Dean,RepDean,D,House,6/6/59,F,Pennsylvania,White,2019,2020,1,White
Ken Buck,RepKenBuck,R,House,2/16/59,M,Colorado,White,2015,2020,5,White
Albio Sires,RepSires,D,House,1/26/51,M,New Jersey,White,2006,2020,14,White
Jody Hice,CongressmanHice,R,House,4/22/60,M,Georgia,White,2015,2020,5,White
Jason Crow,RepJasonCrow,D,House,3/15/79,M,Colorado,White,2019,2020,1,White
Susie Lee,RepSusieLee,D,House,11/7/66,F,Nevada,White,2019,2020,1,White
Ilhan Omar,Ilhan,D,House,10/4/82,F,Minnesota,Black,2019,2020,1,Non-White
Gregory W. Steube,RepGregSteube,R,House,5/19/78,M,Florida,White,2019,2020,1,White
Joseph Morelle,RepJoeMorelle,D,House,4/29/57,M,New York,White,2018,2020,2,White
Guy Reschenthaler,GReschenthaler,R,House,4/17/83,M,Pennsylvania,White,2019,2020,1,White
Tom O'Halleran,Repohalleran,D,House,1/24/46,M,Arizona,White,2017,2020,3,White
Lolyd Doggett,RepLloydDoggett,D,House,10/6/46,M,Texas,White,1995,2020,25,White
William Timmons,RepTimmons,R,House,4/10/84,M,South Carolina,White,2019,2020,1,White
Lucy McBath,RepLucyMcBath,D,House,6/1/60,F,Georgia,Black,2019,2020,1,Non-White
Ann Kirkpatrick,Repkirkpatrick,D,House,3/24/50,F,Arizona,White,2009,2020,7,White
Bryan Steil,RepBryanSteil,R,House,3/3/81,M,Wisconsin,White,2019,2020,1,White
Andy Kim,RepAndyKimNJ,D,House,7/12/82,M,New Jersey,Asian,2019,2020,1,Non-White
Jimmy Gomez,RepJimmyGomez,D,House,11/25/74,M,California,Hispanic,2017,2020,3,Non-White
Jacky Rosen,SenJackyRosen,D,Senate,8/2/57,F,Nevada,White,2017,2020,3,White
Ed Case,RepEdCase,D,House,9/27/52,M,Hawaii,White,2019,2020,1,White
Xochiti Torres Small,RepTorresSmall,D,House,11/15/84,F,New Mexico,Hispanic,2019,2020,1,Non-White
Al Green,RepAlGreen,D,House,9/1/47,M,Texas,Black,2005,2020,14,Non-White
Dan Newhouse,RepNewhouse,R,House,7/10/55,M,Washington,White,2015,2020,5,White
Kim Schrier,RepKimSchrier,D,House,8/23/68,F,Washington,White,2019,2020,1,White
Antonio Delgado,RepDelgado,D,House,1/28/77,M,New York,Black,2019,2020,1,Non-White
Chrissy Houlahan,RepHoulahan,D,House,6/5/67,F,Pennsylvania,White,2019,2020,1,White
Stacey Plaskett,StaceyPlaskett,D,House,5/13/66,F,Virgin Islands,Black,2015,2020,5,Non-White
Steven Watkins,Rep_Watkins,R,House,9/18/76,M,Kansas,White,2019,2020,1,White
Doug Jones,DougJones,D,Senate,5/4/54,M,Alabama,White,2018,2020,2,White
Roger Marshall,RogerMarshallMD,R,House,8/9/60,M,Kansas,White,2017,2020,3,White
Brian Mast,repbrianmast,R,House,7/10/80,M,Florida,White,2017,2020,3,White
John R. Curtis,RepJohnCurtis,R,House,5/10/60,M,Utah,White,2017,2020,3,White
Paul Mitchell,RepPaulMitchell,R,House,11/14/56,M,Michigan,White,2017,2020,3,White
Ayanna Pressley,RepPressley,D,House,2/3/74,F,Massachusetts,Black,2019,2020,1,Non-White
Ron Wright,RepRonWright,R,House,4/8/53,M,Texas,White,2019,2020,1,White
Veronica Escobar,RepEscobar,D,House,9/15/69,F,Texas,Hispanic,2019,2020,1,Hispanic
Mike Gallagher,RepGallagher,R,House,3/3/84,M,Wisconsin,White,2017,2020,3,White
Van Taylor,RepVanTaylor,R,House,8/1/72,M,Texas,White,2019,2020,1,White
Joe Cunningham,RepCunningham,D,House,5/26/82,M,South Carolina,White,2019,2020,1,White
Judy Chu,RepJudyChu,D,House,7/7/53,F,California,Asian,2009,2020,11,Non-White
Joseph Neguse,RepJoeNeguse,D,House,5/13/84,M,Colorado,Black,2019,2020,1,Non-White
Maria Cantwell,SenatorCantwell,D,Senate,10/13/58,F,Washington,White,2001,2020,19,White
Greg Pence,RepGregPence,R,House,11/14/56,M,Indiana,White,2019,2020,1,White
Michael Cloud,RepCloudTX,R,House,5/13/75,M,Texas,White,2018,2020,2,White
Darren Soto,RepDarrenSoto,D,House,2/25/78,M,Florida,White,2017,2020,3,White
Jim Hagedorn,RepHagedorn,R,House,8/4/62,M,Minnesota,White,2019,2020,1,White
Elaine Luria,RepElaineLuria,D,House,8/15/75,F,Virginia,White,2019,2020,1,White
TJ Cox,RepTJCox,D,House,7/18/63,M,California,Asian,2019,2020,1,Non-White
Rashida Tlaib,RepRashida,D,House,7/24/76,F,Michigan,White,2019,2020,1,White
David Price,RepDavidEPrice,D,House,8/17/40,M,North Carolina,White,1997,2020,23,White
Christopher Pappas,RepChrisPappas,D,House,6/4/80,M,New Hampshire,White,2019,2020,1,White
Mike Pompeo,SecPompeo,R,House,12/30/63,M,Kansas,White,2011,2017,6,White
Martin Heinrich,MartinHeinrich,D,Senate,10/17/71,M,New Mexico,White,2009,2020,11,White
Jennifer Wexton,RepWexton,D,House,5/27/68,F,Virginia,White,2019,2020,1,White
Dan Crenshaw,RepDanCrenshaw,R,House,3/14/84,M,Texas,White,2019,2020,1,White
Mike Johnson,RepMikeJohnson,R,House,1/30/72,M,Louisiana,White,2017,2020,3,White
Justin Amash,justinamash,R,House,4/18/80,M,Michigan,White,2011,2020,9,White
Devin Nunes,DevinNunes,R,House,10/1/73,M,California,White,2003,2020,7,White
Grace Napolitano,GraceNapolitano,D,House,12/4/36,F,California,Hispanic,1999,2020,21,Non-White
Russ Fulcher,RepRussFulcher,R,House,3/9/62,M,Idaho,White,2019,2020,1,White
Chuck Fleischmann,RepChuck,R,House,10/11/62,M,Tennessee,White,2011,2020,9,White
Eliot Engel,RepEliotEngel,D,House,2/18/47,M,New York,White,1989,2020,31,White
Mike Braun,SenatorBraun,R,Senate,3/24/54,M,Indiana,White,2019,2020,1,White
Jayapal Pramila,RepJayapal,D,House,9/21/65,F,Washington,Indian,2017,2020,3,Non-White
James Baird,RepJimBaird,R,House,6/4/45,M,Indiana,White,2019,2020,1,White
Kendra Horn,RepKendraHorn,D,House,6/9/76,F,Oklahoma,White,2019,2020,1,White
Lauren Underwood,RepUnderwood,D,House,10/4/86,F,Illinois,Black,2019,2020,1,Non-White
Lori Trahan,RepLoriTrahan,D,House,10/27/73,F,Massachusetts,Hispanic,2019,2020,1,Non-White
Anthony Brown,RepAnthonyBrown,D,House,11/21/61,M,Maryland,Black,2017,2020,3,Non-White